video_name,total_frames
866_878,509
206_221,714
729_727,554
724_725,600
857_909,637
405_393,531
238_282,594
060_088,665
250_461,564
189_200,512
923_023,553
494_445,802
237_236,651
526_436,518
749_659,693
391_406,512
368_378,761
877_886,525
645_688,554
591_605,541
533_450,558
642_635,573
398_457,528
123_119,502
178_598,521
280_249,606
450_533,558
616_614,507
808_829,637
639_841,519
146_256,546
101_096,504
376_381,515
506_478,668
338_336,507
912_927,647
171_173,541
217_117,548
819_786,520
716_712,550
321_288,543
075_977,613
519_515,751
525_509,517
856_881,638
407_374,504
128_896,531
782_787,502
298_279,569
927_912,647
495_512,573
935_733,518
720_672,541
515_519,751
332_051,695
497_403,621
257_420,763
725_724,600
086_090,687
635_642,573
058_039,609
605_591,541
841_639,519
420_257,763
775_742,559
090_086,687
282_238,594
346_351,615
721_715,581
535_587,626
187_234,528
715_721,581
503_756,570
304_300,598
879_963,692
468_470,597
672_720,541
173_171,541
234_187,528
712_716,550
742_775,559
221_206,714
367_371,649
050_059,530
436_526,518
478_506,668
587_535,626
381_376,515
051_332,695
289_228,556
119_123,502
540_536,603
356_324,558
853_863,513
233_995,548
699_734,524
536_540,603
512_495,573
727_729,554
734_699,524
