video_name,total_frames,fake_start,fake_end
866_878,509,136,286
206_221,714,190,340
729_727,554,218,393
724_725,600,196,371
857_909,637,281,431
405_393,531,163,338
238_282,594,197,322
060_088,665,176,326
250_461,564,171,321
189_200,512,143,268
923_023,553,239,389
494_445,802,165,315
237_236,651,294,444
526_436,518,173,348
749_659,693,248,373
391_406,512,234,409
368_378,761,333,508
877_886,525,235,360
645_688,554,223,398
591_605,541,213,338
533_450,558,217,342
642_635,573,131,281
398_457,528,142,317
123_119,502,239,389
178_598,521,163,313
280_249,606,157,332
450_533,558,256,381
616_614,507,135,285
808_829,637,222,347
639_841,519,183,358
146_256,546,214,339
101_096,504,247,422
376_381,515,241,366
506_478,668,265,390
338_336,507,163,338
912_927,647,259,434
171_173,541,205,355
217_117,548,135,310
819_786,520,236,411
716_712,550,173,348
321_288,543,147,297
075_977,613,252,402
519_515,751,372,547
525_509,517,198,373
856_881,638,216,391
407_374,504,204,354
128_896,531,164,289
782_787,502,154,304
298_279,569,269,419
927_912,647,316,466
495_512,573,153,278
935_733,518,136,286
720_672,541,127,302
515_519,751,234,384
332_051,695,154,304
497_403,621,290,440
257_420,763,344,519
725_724,600,203,378
086_090,687,255,405
635_642,573,198,323
058_039,609,246,421
605_591,541,161,336
841_639,519,138,263
420_257,763,317,467
775_742,559,260,385
090_086,687,246,371
282_238,594,200,325
346_351,615,195,370
721_715,581,271,446
535_587,626,284,459
187_234,528,223,398
715_721,581,161,311
503_756,570,191,366
304_300,598,205,380
879_963,692,226,351
468_470,597,228,403
672_720,541,163,338
173_171,541,243,418
234_187,528,226,401
712_716,550,134,309
742_775,559,276,401
221_206,714,335,485
367_371,649,251,401
050_059,530,200,375
436_526,518,257,382
478_506,668,316,466
587_535,626,270,445
381_376,515,226,401
051_332,695,230,405
289_228,556,219,394
119_123,502,218,343
540_536,603,296,471
356_324,558,197,347
853_863,513,192,342
233_995,548,260,435
699_734,524,192,317
536_540,603,201,326
512_495,573,214,364
727_729,554,166,316
734_699,524,259,384
